"nume_actiune","timestamp"
"searchCPU","2019-05-12"
"searchHDD","2019-05-12"
"searchCPU","2019-05-12"
"searchSSD","2019-05-12"
"searchRAM","2019-05-12"
"calculateBonus","2019-06-02"
"yearlySalary","2019-06-02"
"calculateBonus","2019-06-02"
"workingFor","2019-06-02"
"calculateBonus","2019-06-02"
"yearlySalary","2019-06-02"
"calculateBonus","2019-06-02"
"workingFor","2019-06-02"
"calculateBonus","2019-06-02"
"yearlySalary","2019-06-02"
"calculateBonus","2019-06-02"
"workingFor","2019-06-02"
"calculateBonus","2019-06-02"
"yearlySalary","2019-06-02"
"calculateBonus","2019-06-02"
"workingFor","2019-06-02"
"calculateBonus","2019-06-02"
"yearlySalary","2019-06-02"
"calculateBonus","2019-06-02"
"workingFor","2019-06-02"
"calculateBonus","2019-06-02"
"yearlySalary","2019-06-02"
"calculateBonus","2019-06-02"
"workingFor","2019-06-02"
"calculateBonus","2019-06-02"
"yearlySalary","2019-06-02"
"calculateBonus","2019-06-02"
"workingFor","2019-06-02"
"calculateBonus","2019-06-02"
"yearlySalary","2019-06-02"
"calculateBonus","2019-06-02"
"workingFor","2019-06-02"
"calculateBonus","2019-06-02"
"yearlySalary","2019-06-02"
"calculateBonus","2019-06-02"
"workingFor","2019-06-02"
"calculateBonus","2019-06-02"
"yearlySalary","2019-06-02"
"calculateBonus","2019-06-02"
"workingFor","2019-06-02"
"calculateBonus","2019-06-02"
"yearlySalary","2019-06-02"
"calculateBonus","2019-06-02"
"workingFor","2019-06-02"
"calculateBonus","2019-06-02"
"yearlySalary","2019-06-02"
"calculateBonus","2019-06-02"
"workingFor","2019-06-02"
"calculateBonus","2019-06-02"
"yearlySalary","2019-06-02"
"calculateBonus","2019-06-02"
"workingFor","2019-06-02"
"calculateBonus","2019-06-02"
"yearlySalary","2019-06-02"
"calculateBonus","2019-06-02"
"workingFor","2019-06-02"
"calculateBonus","2019-06-02"
"yearlySalary","2019-06-02"
"calculateBonus","2019-06-02"
"workingFor","2019-06-02"
"searchCPU","2019-06-02"
"calculateBonus","2019-06-02"
"calculateBonus","2019-06-02"
"calculateBonus","2019-06-02"
"calculateBonus","2019-06-02"
"calculateBonus","2019-06-02"
"calculateBonus","2019-06-02"
"calculateBonus","2019-06-02"
"calculateBonus","2019-06-02"
"calculateBonus","2019-06-02"
"calculateBonus","2019-06-02"
"calculateBonus","2019-06-02"
"calculateBonus","2019-06-02"
"calculateBonus","2019-06-02"
"calculateBonus","2019-06-02"
"calculateBonus","2019-06-02"
"yearlySalary","2019-06-02"
"calculateBonus","2019-06-02"
"yearlySalary","2019-06-02"
"calculateBonus","2019-06-02"
"yearlySalary","2019-06-02"
"calculateBonus","2019-06-02"
"yearlySalary","2019-06-02"
"calculateBonus","2019-06-02"
"yearlySalary","2019-06-02"
"calculateBonus","2019-06-02"
"yearlySalary","2019-06-02"
"calculateBonus","2019-06-02"
"yearlySalary","2019-06-02"
"calculateBonus","2019-06-02"
"yearlySalary","2019-06-02"
"calculateBonus","2019-06-02"
"yearlySalary","2019-06-02"
"calculateBonus","2019-06-02"
"yearlySalary","2019-06-02"
"calculateBonus","2019-06-02"
"yearlySalary","2019-06-02"
"calculateBonus","2019-06-02"
"yearlySalary","2019-06-02"
"calculateBonus","2019-06-02"
"yearlySalary","2019-06-02"
"calculateBonus","2019-06-02"
"yearlySalary","2019-06-02"
"calculateBonus","2019-06-02"
"yearlySalary","2019-06-02"
"calculateBonus","2019-06-02"
"calculateBonus","2019-06-02"
"calculateBonus","2019-06-02"
"calculateBonus","2019-06-02"
"calculateBonus","2019-06-02"
"calculateBonus","2019-06-02"
"calculateBonus","2019-06-02"
"calculateBonus","2019-06-02"
"calculateBonus","2019-06-02"
"calculateBonus","2019-06-02"
"calculateBonus","2019-06-02"
"calculateBonus","2019-06-02"
"calculateBonus","2019-06-02"
"calculateBonus","2019-06-02"
"calculateBonus","2019-06-02"
"calculateBonus","2019-06-02"
"yearlySalary","2019-06-02"
"calculateBonus","2019-06-02"
"yearlySalary","2019-06-02"
"calculateBonus","2019-06-02"
"yearlySalary","2019-06-02"
"calculateBonus","2019-06-02"
"yearlySalary","2019-06-02"
"calculateBonus","2019-06-02"
"yearlySalary","2019-06-02"
"calculateBonus","2019-06-02"
"yearlySalary","2019-06-02"
"calculateBonus","2019-06-02"
"yearlySalary","2019-06-02"
"calculateBonus","2019-06-02"
"yearlySalary","2019-06-02"
"calculateBonus","2019-06-02"
"yearlySalary","2019-06-02"
"calculateBonus","2019-06-02"
"yearlySalary","2019-06-02"
"calculateBonus","2019-06-02"
"yearlySalary","2019-06-02"
"calculateBonus","2019-06-02"
"yearlySalary","2019-06-02"
"calculateBonus","2019-06-02"
"yearlySalary","2019-06-02"
"calculateBonus","2019-06-02"
"yearlySalary","2019-06-02"
"calculateBonus","2019-06-02"
"yearlySalary","2019-06-02"
"calculateBonus","2019-06-02"
"calculateBonus","2019-06-02"
"calculateBonus","2019-06-02"
"calculateBonus","2019-06-02"
"calculateBonus","2019-06-02"
"calculateBonus","2019-06-02"
"calculateBonus","2019-06-02"
"calculateBonus","2019-06-02"
"calculateBonus","2019-06-02"
"calculateBonus","2019-06-02"
"calculateBonus","2019-06-02"
"calculateBonus","2019-06-02"
"calculateBonus","2019-06-02"
"calculateBonus","2019-06-02"
"calculateBonus","2019-06-02"
"calculateBonus","2019-06-02"
